点位,X,Y,半径,类型,颜色,ROI像素,物体像素,占比,偏心比,阴影差
A01,295,96,23,bolt,black,1671,667,39.9%,0.138,4.426
B01,887,158,12,bolt,black,452,205,45.4%,0.089,1.525
B02,968,144,12,bolt,black,452,211,46.7%,0.036,1.019
C01,285,224,21,bolt,black,1384,1242,89.7%,0.011,1.102
C02,638,207,12,bolt,black,464,200,43.1%,0.133,2.222
D01,187,298,24,bolt,black,1764,1476,83.7%,0.062,1.198
D02,347,273,12,bolt,black,472,349,73.9%,0.067,1.423
D03,462,280,13,bolt,black,501,403,80.4%,0.038,1.424
D04,577,286,12,bolt,black,459,351,76.5%,0.041,1.357
D05,689,289,13,bolt,black,495,385,77.8%,0.080,1.400
D06,800,295,12,bolt,black,459,353,76.9%,0.075,1.308
D07,908,301,15,bolt,black,716,532,74.3%,0.116,2.105
D08,1016,306,15,bolt,black,703,514,73.1%,0.105,1.925
D09,1124,311,12,bolt,black,451,309,68.5%,0.079,1.683
D10,1227,317,14,bolt,black,657,459,69.9%,0.128,2.491
D11,1329,322,15,bolt,black,663,489,73.8%,0.123,2.393
D12,1431,327,14,bolt,black,648,442,68.2%,0.144,2.750
E01,182,374,24,bolt,black,1827,907,49.6%,0.084,1.714
E02,329,348,13,bolt,black,557,435,78.1%,0.055,1.374
E03,449,354,13,bolt,black,517,410,79.3%,0.045,1.198
E04,568,359,13,bolt,black,498,380,76.3%,0.068,1.545
E05,685,364,13,bolt,black,498,355,71.3%,0.119,1.857
E06,798,369,16,bolt,black,772,553,71.6%,0.125,2.061
E07,913,373,16,bolt,black,780,579,74.2%,0.113,2.093
E08,1025,379,15,bolt,black,749,520,69.4%,0.152,2.400
E09,1136,384,15,bolt,black,726,592,81.5%,0.068,1.582
E10,1245,389,15,bolt,black,718,549,76.5%,0.110,2.143
E11,1351,392,16,bolt,black,772,618,80.1%,0.044,1.319
E12,1459,399,12,bolt,black,454,297,65.4%,0.142,2.191
F01,310,430,14,bolt,black,637,494,77.6%,0.047,1.252
F02,434,434,13,bolt,black,563,429,76.2%,0.079,1.420
F03,556,440,17,bolt,black,923,651,70.5%,0.108,1.959
F04,679,445,17,bolt,black,866,645,74.5%,0.110,2.286
F05,802,449,12,bolt,black,486,387,79.6%,0.034,1.146
F06,922,453,13,bolt,black,496,381,76.8%,0.050,1.247
F07,1036,458,16,bolt,black,817,640,78.3%,0.098,2.121
F08,1146,463,20,bolt,blue,1218,564,46.3%,0.370,260.000
F09,1266,467,16,bolt,black,835,642,76.9%,0.087,1.810
F10,1379,472,12,bolt,black,481,354,73.6%,0.081,1.897
F11,1485,475,16,bolt,black,760,608,80.0%,0.073,1.796
G01,203,512,24,bolt,black,1794,1631,90.9%,0.012,1.191
G02,288,519,15,bolt,black,663,518,78.1%,0.054,1.168
G03,420,524,15,bolt,black,698,561,80.4%,0.069,1.422
G04,550,528,15,bolt,black,668,530,79.3%,0.071,1.423
G05,674,532,18,bolt,black,976,775,79.4%,0.079,1.652
G06,804,537,14,bolt,black,613,465,75.9%,0.115,1.556
G07,927,540,13,bolt,black,522,433,83.0%,0.010,1.250
G08,1048,545,17,bolt,black,925,637,68.9%,0.139,2.422
G09,1167,548,19,bolt,black,1078,715,66.3%,0.151,2.909
G10,1287,552,17,bolt,black,873,665,76.2%,0.088,2.020
G11,1402,556,16,bolt,black,851,651,76.5%,0.088,1.780
G12,1515,559,16,bolt,black,842,613,72.8%,0.112,2.350
G13,1584,559,21,bolt,black,1430,1328,92.9%,0.016,1.161
H01,265,616,16,bolt,black,792,632,79.8%,0.045,1.193
H02,399,621,19,bolt,black,1179,863,73.2%,0.124,1.900
H03,538,624,15,bolt,black,706,582,82.4%,0.013,1.179
H04,670,630,18,bolt,black,1075,806,75.0%,0.129,2.025
H05,803,632,18,bolt,black,1056,787,74.5%,0.116,2.255
H06,933,636,18,bolt,black,1069,750,70.2%,0.151,2.485
H07,1057,643,21,bolt,black,1456,768,52.7%,0.324,9.879
H08,1187,643,18,bolt,black,997,842,84.5%,0.054,1.345
H09,1310,645,18,bolt,black,972,797,82.0%,0.067,1.622
H10,1430,648,17,bolt,black,957,738,77.1%,0.085,1.780
H11,1548,651,17,bolt,black,919,738,80.3%,0.066,1.682
I01,239,724,17,bolt,black,929,746,80.3%,0.043,1.165
I02,384,727,17,bolt,black,929,708,76.2%,0.122,1.471
I03,523,732,20,bolt,black,1283,1005,78.3%,0.108,1.866
I04,668,735,17,bolt,black,883,704,79.7%,0.075,1.472
I05,804,738,20,bolt,black,1203,996,82.8%,0.072,1.614
I06,944,740,16,bolt,black,798,646,81.0%,0.047,1.380
I07,1076,744,19,bolt,black,1171,868,74.1%,0.106,2.031
I08,1134,707,12,bolt,black,454,204,44.9%,0.025,8.091
I09,1209,745,15,bolt,black,753,611,81.1%,0.046,1.242
I10,1337,747,19,bolt,black,1151,875,76.0%,0.063,1.774
I11,1461,748,19,bolt,black,1082,860,79.5%,0.091,2.008
I12,1584,750,18,bolt,black,1074,780,72.6%,0.113,2.044
J01,210,841,17,bolt,black,960,780,81.2%,0.034,1.224
J02,511,849,21,bolt,black,1444,1125,77.9%,0.127,1.950
J03,659,852,21,bolt,black,1421,1079,75.9%,0.134,1.929
J04,809,853,17,bolt,black,931,781,83.9%,0.031,1.080
J05,949,856,21,bolt,black,1350,1029,76.2%,0.133,1.993
J06,1091,857,20,bolt,black,1286,940,73.1%,0.121,2.021
J07,1229,858,20,bolt,black,1240,959,77.3%,0.103,1.734
J08,1367,859,17,bolt,black,859,694,80.8%,0.055,1.446
J09,1494,859,20,bolt,black,1204,906,75.2%,0.110,2.063
J10,1622,860,19,bolt,black,1191,853,71.6%,0.141,2.468
K01,954,927,27,bolt,black,2222,2104,94.7%,0.004,1.067
K02,1729,927,25,bolt,black,1948,1799,92.4%,0.025,1.171
